{"cameraMode":{"drawMode":0,"name":"Shaded","section":"Shading Mode"},"sceneLighting":true,"audioPlay":false,"sceneViewState":{"m_AlwaysRefresh":false,"showFog":true,"showSkybox":true,"showFlares":true,"showImageEffects":true,"showParticleSystems":true,"showVisualEffectGraphs":true,"m_FxEnabled":true},"in2DMode":false,"pivot":{"x":220.73818969726563,"y":221.78863525390626,"z":305.70904541015627},"rotation":{"x":0.21373632550239564,"y":-2.683655608848312e-8,"z":3.6512169288016597e-8,"w":0.9768912196159363},"size":425.51104736328127,"orthographic":false}